First Name,Last Name,Gender,Grade Key,FTE,Birth Date,Join Date,Leave Date
James,Yamamoto,Male,4,1,1978-06-10,2012-01-30,2020-01-18
Chinara,Evans,Female,4,1,1983-06-07,2007-07-31,2016-05-23
Stefan,Morgan,Male,4,1,1984-08-03,2016-08-31,2024-12-25
Kinga,Hall,Female,4,1,1981-10-07,2007-02-23,2012-08-14
Daniel,Zhang,Male,5,1,1982-10-19,2018-05-24,2018-08-15
Edward,West,Male,4,1,1985-09-27,2016-06-14,2025-05-23
Lola,Ward,Female,4,1,1987-06-08,2014-01-10,2015-04-27
John,Gray,Male,4,1,1991-06-17,2018-08-23,
Tariro,Harrison,Female,6,1,1977-09-25,2010-08-20,2014-07-14
Petra,Perry,Female,5,1,1974-06-05,2000-03-21,2010-02-18
Brandon,Black,Male,5,1,1987-04-18,2018-06-01,2019-11-14
Paul,Gibson,Male,4,1,2003-01-08,2024-02-29,
Amelia,Holland,Female,7,1,1983-12-10,2022-10-12,2023-12-08
Luka,Hunter,Male,6,1,1974-03-23,1998-10-23,2018-07-28
Phoebe,Kelly,Female,4,1,1981-12-26,2021-05-13,2025-10-28
Makena,Khan,Female,4,1,1977-10-05,2013-08-29,
Dylan,Foster,Male,4,1,1998-07-24,2022-07-14,
Patryk,Bishop,Male,5,1,1982-07-13,2025-04-13,
Taylor,Chukwu,Male,4,0.5,1973-02-06,2016-09-26,2019-04-12
Ahmed,Thomas,Male,3,1,1970-01-27,2009-12-20,
Ali,Sanders,Male,4,0.5,1976-01-19,1998-11-04,1999-02-03
Pavel,Phillips,Male,3,1,1979-02-08,2009-04-07,
Samuel,Woods,Male,3,1,1983-10-07,2024-04-17,
Ethan,Saunders,Male,7,1,1992-10-20,2020-09-03,2024-10-17
Cameron,Evans,Male,5,1,1984-04-26,2017-07-27,
Kwamboka,Thomas,Female,4,1,1973-07-29,2012-01-17,
Kyle,Cooper,Male,4,1,1977-09-21,2019-10-08,
Camille,Foster,Female,1,1,1975-10-02,2020-05-25,
Matteo,Chen,Male,5,0.5,1978-12-19,2017-12-18,
Michaela,Bell,Female,1,1,1975-09-18,2020-08-22,2024-01-07
Arthur,Evans,Male,6,0.5,1975-08-09,2012-12-24,2013-04-13
Finley,Hall,Male,2,1,1964-08-11,2023-01-11,
Eva,Price,Female,4,0.5,1979-11-03,2013-05-05,2023-02-24
Riley,Holland,Male,6,1,1994-12-07,2021-01-04,
Chinara,Wright,Female,4,1,1973-12-24,2007-09-22,2012-10-03
Benjamin,Wood,Male,4,1,1991-03-22,2018-11-24,2025-02-09
Leo,Henderson,Male,4,1,1975-12-08,2004-04-20,2015-01-14
Samantha,Bailey,Female,3,1,1979-01-03,2014-05-25,
Ahmed,Bailey,Male,2,1,1978-10-31,2013-04-22,2015-12-15
Julia,Taylor,Female,1,1,1994-02-25,2017-04-04,2025-10-15
Salma,Reid,Female,6,1,1983-11-26,2011-04-23,
Lewis,Baker,Male,4,1,1985-07-25,2016-09-30,2018-03-08
Erik,King,Male,4,1,1983-11-21,2019-06-05,
Ama,Fox,Female,3,0.5,1987-02-13,2013-03-22,2023-08-05
Elliot,Holland,Male,6,1,2000-06-18,2022-10-12,2023-06-05
Lukas,Harrison,Male,5,1,1974-07-14,2003-07-13,2017-12-09
Callum,Mills,Male,4,1,1986-05-21,2017-07-13,
Joshua,Hall,Male,1,1,2003-02-14,2025-03-08,
Sara,Arnold,Female,5,1,1974-07-22,2003-11-16,2010-04-09
Marek,Miller,Male,2,1,1982-08-07,2023-02-25,2025-01-11
Thompson,Phillips,Male,5,1,1976-06-21,2018-07-14,
Brandon,Cole,Male,7,1,1977-07-06,2010-06-01,2018-05-05
Jayden,Williams,Male,4,1,1993-10-08,2023-10-27,
Luka,Dean,Male,5,1,1972-12-19,2016-10-22,
Rania,Stewart,Female,4,1,1966-02-16,2024-12-10,
Stephen,Wilson,Male,5,1,1985-09-28,2023-07-20,
Taylor,Singh,Male,5,1,1994-03-27,2015-06-10,2018-08-24
Maja,Perry,Female,5,0.5,1969-12-03,1998-08-01,2001-09-03
Tomas,Ellis,Male,7,1,1986-08-07,2014-05-29,
Erik,Thomas,Male,4,1,1983-02-06,2024-10-06,
Andrew,Evans,Male,3,1,1977-06-23,2015-09-25,
Walker,Reid,Male,3,1,1982-01-12,2024-12-10,
Thomas,Nguyen,Male,4,1,1994-03-30,2015-12-03,2019-05-03
Kinga,Pearson,Female,5,1,1982-11-02,2020-01-01,2021-09-05
Louis,Frost,Male,3,1,2003-02-01,2025-02-25,
Mark,Perry,Male,2,1,1995-09-09,2020-07-04,
Natalia,Francis,Female,4,1,1976-07-27,2009-07-07,2013-06-16
Andrew,Mensah,Male,2,1,1976-07-29,2008-12-07,2014-03-31
Roman,Gray,Male,2,0.5,1985-12-31,2016-04-20,2022-11-13
Sana,Atkinson,Female,5,1,1965-08-21,2019-05-31,
David,Hunt,Male,6,1,1993-06-06,2016-02-20,2024-02-26
Scarlett,Mitchell,Female,6,1,1994-11-27,2020-12-19,
Roman,Price,Male,5,1,1988-05-09,2019-11-29,2022-12-13
Sade,Baker,Female,5,1,1986-08-30,2011-11-15,2023-10-30
Lucia,James,Female,7,1,1968-03-14,1996-03-22,2009-06-06
Jayden,Miller,Male,2,1,1981-06-05,2004-01-10,2012-06-04
Scarlett,Dean,Female,6,1,2002-05-25,2023-10-19,
Charlie,Perry,Male,5,1,1991-05-30,2015-02-23,2021-06-17
Isabella,Morrison,Female,5,1,1994-06-28,2017-06-08,
Max,Pearce,Male,4,1,1992-07-22,2016-02-01,2020-02-09
Andrew,Johnson,Male,4,1,2000-04-28,2022-09-08,
Nadia,Stewart,Female,3,1,1987-11-25,2025-01-18,
Erik,Walters,Male,5,1,1979-08-29,2000-11-06,2010-02-16
Kwamboka,Tanaka,Female,4,1,1976-03-17,2005-05-03,2016-11-23
Lucia,Patel,Female,4,0.5,1983-04-05,2023-11-28,2025-01-08
Paul,Porter,Male,4,1,1986-08-10,2007-09-29,2009-07-01
Elena,Gibbs,Female,6,1,1972-03-31,1993-06-27,2000-10-25
Tariro,Hall,Female,2,1,1983-03-19,2006-11-21,2020-07-21
Joseph,Bates,Male,1,1,1972-01-03,2008-03-18,2024-01-12
Millie,Nelson,Female,4,1,1985-07-19,2011-08-25,
Samuel,Patel,Male,4,1,1998-07-20,2020-02-02,
Benjamin,Stevens,Male,2,1,1969-10-02,2017-01-21,
Sven,Abebe,Male,4,0.5,1975-09-28,1998-10-27,2017-06-19
Jake,Edwards,Male,3,1,1967-03-06,2002-03-08,2013-08-21
Michaela,Spencer,Female,4,1,1978-10-31,2024-11-01,
Jamie,Booth,Male,5,1,1992-02-01,2017-04-14,
Mariam,Stewart,Female,2,1,1987-01-26,2012-01-23,2013-08-08
Louis,Tanaka,Male,4,1,1985-05-08,2022-07-11,
Jack,Miller,Male,4,1,1975-08-04,2018-06-26,
Andrew,Wright,Male,4,1,1986-01-09,2013-08-07,
Alice,Porter,Female,3,1,1973-11-03,2016-06-22,2019-12-28
Jana,Morgan,Female,7,1,1978-09-25,2003-09-11,2016-12-10
Dylan,Adebayo,Male,3,1,1985-05-29,2013-12-03,
Walker,Higgins,Male,2,1,2001-10-13,2023-07-25,
Mariusz,Pearce,Male,5,0.5,1985-10-14,2015-03-11,2016-04-25
Lukas,Fox,Male,4,1,1961-11-30,1997-08-28,2011-05-22
Oscar,Perry,Male,3,1,2000-09-19,2024-09-07,
Theo,Khan,Male,6,1,1975-11-28,2019-08-13,2024-09-12
Tomas,Bailey,Male,3,1,1982-03-03,2021-09-07,
Archie,Warren,Male,4,1,1998-12-28,2024-04-11,
Jasper,Frost,Male,4,1,1979-12-24,2019-11-10,
Toby,Davies,Male,6,1,1986-07-28,2019-03-19,
Jessica,Morrison,Female,4,1,1976-06-24,2018-06-03,
Leah,Thomas,Female,5,1,1965-11-17,2004-03-26,2013-08-07
Kristina,Adams,Female,6,1,2000-09-20,2024-11-18,
Theo,Porter,Male,4,1,1978-01-28,2007-11-27,2025-05-21
Jessica,Tanaka,Female,4,0.5,1964-07-03,1989-02-07,1993-08-25
Freddie,Palmer,Male,2,1,1978-08-07,2007-10-18,2019-07-26
Archie,Howard,Male,2,1,1988-06-11,2012-07-26,2015-07-15
Thomas,Hughes,Male,3,1,1976-01-01,2001-01-21,2017-03-01
Daisy,Mwangi,Female,2,1,1983-06-08,2018-05-31,
Charlie,King,Male,5,1,1990-10-31,2013-09-22,2024-09-05
Amelia,Jones,Female,2,1,1992-05-16,2013-07-11,
Lucia,Frost,Female,3,1,1976-05-19,2000-10-30,2003-12-03
Jasper,Kamau,Male,1,0.5,1970-11-23,2009-04-10,
Aiden,Hill,Male,4,1,1975-01-27,2011-05-14,2017-01-04
Arthur,Ellis,Male,6,1,1982-10-24,2009-07-23,
Walker,Graham,Male,2,1,1979-04-17,2014-10-24,
Erin,Abebe,Female,2,1,1991-11-07,2013-05-30,
Edward,Francis,Male,4,1,1992-12-25,2017-09-13,2024-03-21
Joseph,Baxter,Male,2,1,1981-03-10,2012-07-26,2024-02-15
Oscar,Hunt,Male,3,1,1974-01-15,2004-05-21,2018-06-09
Sienna,Austin,Female,4,1,1980-08-27,2016-08-09,
Henry,Francis,Male,3,1,1979-02-11,2020-08-26,
Jayden,Webb,Male,4,1,1981-11-28,2009-11-23,
Kinga,Saunders,Female,3,1,1994-03-02,2023-07-23,
Riley,King,Male,3,1,1993-10-06,2021-12-30,
Andreas,Miller,Male,2,1,1992-09-20,2015-01-16,2023-01-28
Aisha,Adams,Female,4,1,1966-11-29,2004-01-25,2004-03-27
Lucas,Wallace,Male,6,1,1974-02-06,2024-05-04,
Michaela,Holland,Female,4,1,1961-01-17,1995-11-13,2000-09-17
Charlie,Khan,Male,7,1,1993-12-08,2022-03-01,
Dylan,Cross,Male,4,1,1985-04-08,2019-12-30,
Charles,Lawrence,Male,5,1,1992-11-17,2018-01-27,2025-05-10
Katie,Stewart,Female,1,1,1992-01-20,2017-08-18,
John,Russell,Male,4,1,1967-09-25,2022-09-22,
Giulia,Stewart,Female,3,1,1975-08-10,2005-06-18,2012-05-01
Walker,Hill,Male,4,1,1979-11-27,2014-05-30,2018-04-16
Matteo,Diallo,Male,4,1,1978-12-01,2020-03-17,
Adam,Wilson,Male,7,1,1977-04-12,2008-12-12,2010-07-10
Nathan,Carroll,Male,3,1,1983-07-22,2010-05-12,2015-03-20
Cameron,Phillips,Male,7,1,1982-03-20,2011-04-09,2021-03-15
Riley,Khan,Male,5,0.5,1977-05-27,2012-04-13,
Clara,Ford,Female,3,1,1978-03-23,2010-06-27,2021-01-08
Mark,Fisher,Male,4,1,1996-02-13,2023-09-24,
Emily,Nelson,Female,5,1,1985-10-20,2021-10-10,
Isabella,Arnold,Female,4,1,1982-07-14,2015-09-29,
Ahmed,Mills,Male,7,1,1972-10-18,2019-01-29,2020-07-12
Ahmed,Ndlovu,Male,7,1,1999-06-29,2023-11-14,
Gabriel,Burgess,Male,4,1,1988-06-22,2018-08-26,
Joseph,Carter,Male,3,0.5,1981-11-23,2019-12-19,
Alice,Woods,Female,4,1,1990-11-02,2019-11-01,2023-12-27
Zoe,Knight,Female,6,1,1982-05-07,2019-08-02,
Noor,Perry,Female,2,1,1965-06-08,2011-09-22,2013-12-28
Tomas,Matthews,Male,5,1,1981-05-02,2021-08-15,
Alice,Mwangi,Female,5,1,1976-03-30,2019-06-23,
Poppy,Yamamoto,Female,5,1,1973-09-05,2009-07-18,2018-05-27
Anna,Morrison,Female,3,1,1966-08-13,2013-09-01,2025-05-24
Sara,Murray,Female,4,1,1985-10-17,2010-04-11,2021-07-20
Ngozi,Evans,Female,2,1,1978-04-17,2003-10-26,2014-05-19
Sade,Adebayo,Female,3,1,1987-04-12,2023-02-13,
Oscar,Austin,Male,7,1,1989-08-15,2011-09-28,2012-07-21
Sade,Diallo,Female,2,0.5,1973-01-04,2003-12-14,2004-05-25
Imogen,Reed,Female,3,1,1997-12-01,2021-05-18,
Anthony,Wright,Male,4,1,1991-12-08,2019-03-15,
Julian,Kelly,Male,3,1,1978-07-06,2009-04-28,2014-06-22
Lewis,Armstrong,Male,7,0.5,1981-05-05,2012-07-03,2021-02-10
Freddie,Saunders,Male,5,1,1965-09-20,2018-11-09,
Aiden,Bradley,Male,2,1,1984-12-28,2011-08-27,2023-06-29
Joseph,Yamamoto,Male,1,1,1974-07-14,2018-09-28,2020-01-21
Owen,Frost,Male,3,1,1978-12-28,2016-01-28,2019-07-14
Elena,Benson,Female,4,1,1972-01-31,2023-09-02,
Zuri,Hughes,Female,4,1,1978-03-28,2008-02-20,2015-03-13
Owen,Wong,Male,3,1,1982-11-29,2007-02-20,2012-08-26
Martha,Young,Female,6,1,1972-08-28,2002-07-03,2010-03-08
Katarina,Pearce,Female,6,1,1985-08-05,2018-05-07,
Matthew,Johnson,Male,3,1,2001-04-18,2022-09-08,
Arthur,Kim,Male,4,1,1984-10-06,2007-03-24,2024-12-18
Paulina,Harvey,Female,4,1,1976-06-28,2012-11-03,2012-12-19
Oscar,Payne,Male,7,1,1989-01-14,2014-12-15,2022-07-08
Mateusz,Gordon,Male,3,1,1965-04-14,2004-05-26,2007-10-06
Megan,Higgins,Female,6,1,1988-04-07,2015-09-09,
Dylan,Payne,Male,3,1,1976-07-21,2017-10-21,
Alfie,Diallo,Male,3,1,1989-01-21,2024-08-18,
Kinga,Stewart,Female,7,1,1979-12-10,2007-04-23,2010-07-13
Joseph,Richardson,Male,6,1,2000-04-08,2025-01-14,
Elena,James,Female,3,1,1994-01-28,2018-10-17,
Rosie,Howard,Female,6,1,1986-02-25,2007-05-30,2017-07-29
Mateusz,Campbell,Male,2,1,1982-12-25,2019-10-30,
Daniel,James,Male,4,1,1962-12-11,2002-09-22,2017-03-10
Mohammed,Morris,Male,4,1,1988-07-20,2019-11-28,2023-05-03
Ngozi,Fleming,Female,2,1,1969-11-30,2016-03-05,
Henry,Stevens,Male,7,1,1982-10-24,2014-05-15,2020-10-29
Bethany,Baxter,Female,3,1,1976-02-10,2022-11-13,
Maddison,Gray,Female,4,1,1974-04-24,2008-03-09,2008-05-06
Florence,Gibbs,Female,3,1,1987-04-25,2015-03-01,2023-07-28
Andrew,Wong,Male,5,1,1970-08-24,2014-06-14,2021-07-26
Zoe,Wright,Female,3,1,1989-03-20,2011-09-09,2021-04-24
Erik,Carter,Male,3,1,1984-07-11,2023-03-28,
Sebastian,Parker,Male,3,1,1988-03-12,2023-08-30,
Jamie,Kim,Male,3,1,1991-04-20,2016-08-25,2025-10-25
Arthur,Fleming,Male,4,1,1973-06-01,2017-08-17,2024-12-24
Ifunanya,Mensah,Female,3,1,1992-12-09,2024-04-24,
Nico,Payne,Male,4,1,1977-07-31,2015-07-16,2018-12-16
Veronika,Mills,Female,7,1,1979-11-09,2024-05-16,
Ifunanya,Barker,Female,4,1,1974-11-20,2004-11-11,2014-03-06
Matilda,Kamau,Female,2,1,1977-11-15,2021-03-18,
Jasmine,Howard,Female,4,1,1985-04-13,2009-03-26,2011-10-24
Matthew,Perry,Male,4,0.5,1968-03-08,2009-06-05,2025-03-29
Aiden,Harper,Male,3,1,1976-10-21,2022-01-29,
Andrew,Davies,Male,4,1,1976-01-28,2016-08-27,2022-06-01
Lola,Pearson,Female,2,0.5,1976-08-23,2005-02-27,2017-06-30
Luka,Atkinson,Male,5,1,1977-04-08,2007-01-13,2012-10-14
Alfie,Abebe,Male,6,1,1975-03-17,1998-09-19,2012-08-16
Viktoria,Rowe,Female,3,0.5,1994-06-07,2015-09-09,2019-09-13
Lucas,Bishop,Male,2,1,1992-02-21,2020-01-18,2023-05-21
Joseph,Foster,Male,5,1,1987-05-02,2008-06-17,2019-05-18
Alfie,Fletcher,Male,5,1,1976-04-11,2021-06-28,
Sienna,Hall,Female,7,1,1994-01-21,2016-09-19,
Fatimah,Reid,Female,3,0.5,1977-02-16,2017-09-12,
Walker,Hall,Male,3,0.5,1982-06-16,2022-08-23,
Sienna,Young,Female,3,1,1975-08-31,2019-08-15,2024-01-18
Francesca,Turner,Female,3,1,1985-05-01,2014-06-22,
Joshua,Scott,Male,1,1,1985-04-02,2015-03-22,
Lauren,Scott,Female,2,1,1981-10-21,2012-03-12,
Philip,Simpson,Male,3,1,1991-02-23,2024-06-26,2025-01-14
Aaron,Rowe,Male,3,0.5,1992-10-29,2018-04-15,2021-02-07
Jan,Gordon,Male,4,1,1973-06-14,1995-09-25,2011-10-02
Ama,Sanders,Female,4,1,1996-08-05,2019-05-07,2020-11-27
Julia,Walters,Female,3,1,1995-11-16,2023-12-09,
Matthew,Simpson,Male,4,1,1968-09-03,1998-02-14,2000-02-15
Molly,Burns,Female,2,1,1966-11-20,2012-03-04,2021-09-18
Zuri,Baldwin,Female,7,1,1975-08-23,2014-08-31,2014-11-10
Theo,Parker,Male,3,1,1979-08-19,2020-04-09,
Amina,Graham,Female,7,1,1979-07-22,2013-03-17,
Sumaya,Hawkins,Female,3,1,1996-02-17,2020-02-27,
Toby,Brown,Male,6,1,1982-12-28,2011-08-11,2023-11-20
Yetunde,Ndlovu,Female,4,1,1998-05-02,2022-01-03,
Tyler,Butler,Male,3,1,1996-07-26,2021-08-31,
Bartosz,Morris,Male,6,1,1978-10-13,2004-03-26,2019-03-17
Smith,Newton,Male,3,1,1977-05-26,2015-12-17,
Luka,Grant,Male,4,1,1967-05-31,2001-01-26,2019-02-04
Zuri,Mitchell,Female,4,1,1972-03-24,2021-03-03,
Anthony,Thompson,Male,1,1,1986-01-07,2009-08-20,
Bartosz,Henderson,Male,1,1,1994-05-31,2015-09-02,
Fatimah,Booth,Female,5,0.5,1993-02-20,2015-10-03,
Mariusz,Dean,Male,6,1,1976-03-03,2004-05-04,2008-08-26
Jasper,Hunt,Male,4,0.5,1975-04-20,1996-05-01,1999-02-02
Andreas,Austin,Male,3,1,1976-04-08,2022-03-17,
Jakub,Grant,Male,5,1,1989-09-06,2022-12-23,
Kwamboka,Arnold,Female,7,1,1982-11-20,2011-12-04,2012-08-07
Smith,Carter,Male,4,1,1977-12-13,2009-10-26,2022-05-28
Petra,Douglas,Female,3,1,1962-12-16,1987-01-10,1998-03-07
Michaela,Thomas,Female,3,1,1969-03-07,2018-10-26,
Eshe,Abebe,Female,3,1,1991-09-28,2015-04-21,2025-10-19
Lea,Stewart,Female,4,1,1961-10-31,1994-12-07,1997-12-19
Luka,Zhang,Male,4,1,1963-01-20,2021-12-25,
Olivia,Saunders,Female,4,1,1982-12-31,2023-06-11,
Michaela,Okafor,Female,4,1,1993-02-17,2020-03-26,
Eva,Nicholson,Female,4,1,1979-01-31,2012-10-29,2017-07-28
Madison,Bennett,Female,5,1,1971-12-27,2020-04-06,
Olivia,Baxter,Female,5,1,2003-09-17,2024-11-03,
Taylor,Baldwin,Male,4,0.5,1984-02-10,2019-01-23,
Thomas,Jones,Male,5,1,1979-05-31,2007-02-27,
Marek,Chukwu,Male,4,1,1968-06-26,2006-08-27,2021-09-25
Lewis,Black,Male,2,1,1987-05-20,2021-06-12,
Richard,Moore,Male,4,1,1967-06-25,2000-06-20,2005-08-10
Charlotte,Simpson,Female,2,1,1985-07-31,2016-05-28,2021-01-08
Fatimah,Pearson,Female,5,1,1971-12-01,2000-12-11,2009-03-22
Zuri,Barnes,Female,3,1,1968-08-27,2003-12-14,2010-02-07
Nathan,Green,Male,3,1,1966-02-28,2012-05-31,2015-03-28
Ethan,Fisher,Male,4,1,1982-03-01,2015-03-18,
Samuel,Wallace,Male,1,1,1986-04-09,2016-07-06,2025-07-01
Pavel,Stone,Male,2,1,1975-12-26,1999-06-19,2012-11-19
Madison,Singh,Female,2,1,1969-04-10,2011-03-04,2024-07-26
Robert,Graham,Male,3,1,1980-07-07,2020-10-21,
Zuzanna,Khan,Female,3,1,1973-03-09,1998-08-07,2000-11-12
Hugo,Adebayo,Male,4,1,1982-09-28,2023-09-09,
Erin,Foster,Female,4,1,1984-05-20,2006-12-19,2015-04-04
Lea,Lawrence,Female,3,1,1981-09-13,2019-12-18,2024-01-26
Zuri,Smith,Female,3,1,1973-02-15,2014-03-15,2019-05-28
Michaela,Rowe,Female,1,1,1974-10-06,2017-01-08,2023-02-25
Maddison,Cross,Female,6,1,1982-11-11,2016-01-07,2018-09-01
Ama,Tanaka,Female,2,1,1967-12-04,2021-01-19,2022-05-26
Daniel,Zhang,Male,7,1,1994-09-06,2024-02-07,
Mohammed,Wood,Male,5,1,1986-03-31,2022-06-22,2024-08-20
Samantha,Bates,Female,4,1,1982-08-28,2008-05-01,2017-08-22
Megan,Perry,Female,6,1,1974-07-08,2011-12-25,2016-08-13
Megan,Evans,Female,6,1,1973-03-18,2022-08-09,
Samira,Grant,Female,2,1,1984-11-01,2010-09-11,2020-02-16
John,Porter,Male,5,1,1962-02-22,1987-06-21,1994-07-06
James,Walsh,Male,6,1,1986-08-02,2017-07-03,
Noah,Miller,Male,6,1,1984-09-07,2007-01-11,2015-12-24
Jamie,Payne,Male,4,0.5,1978-05-01,2001-08-26,2008-10-18
Ali,Morrison,Male,5,1,1990-03-21,2014-05-10,
Ella,Hudson,Female,4,1,1977-10-14,2018-01-13,2021-04-28
Amelia,King,Female,2,1,1972-11-07,2006-03-19,2010-11-30
Farah,Tanaka,Female,5,1,1998-08-15,2021-09-19,
Julia,James,Female,4,1,1978-05-29,2010-06-19,
Smith,Howard,Male,1,1,1989-05-01,2011-07-10,2018-02-05
James,Matthews,Male,6,1,1986-12-02,2019-11-02,
Jana,Mensah,Female,5,1,1987-02-19,2018-10-07,
Andrew,Stephens,Male,3,1,1988-04-08,2023-12-04,
Oscar,Atkinson,Male,5,0.5,1991-11-24,2015-03-25,2016-09-16
Arthur,Dean,Male,2,1,1989-05-17,2011-02-10,2015-11-04
Ella,Bailey,Female,5,1,1976-10-20,2011-06-25,2020-07-06
Nina,Cross,Female,6,1,1988-07-19,2017-06-10,2017-06-17
Aiden,Edwards,Male,6,0.5,1980-09-12,2017-04-27,
Aaron,Barnett,Male,4,1,1978-09-22,2017-02-14,
Milo,Patel,Male,7,1,1979-12-20,2023-03-18,
Sven,Woods,Male,3,0.5,1970-03-17,2007-08-30,2019-09-22
Zoe,Dunn,Female,5,1,2003-06-05,2025-03-31,
Elliot,Evans,Male,4,1,1982-01-28,2010-09-17,2011-07-30
Liam,Roberts,Male,4,1,1975-06-17,2002-11-11,2019-10-06
Aaron,Hart,Male,3,1,1985-03-04,2008-04-27,2017-03-13
James,Cooper,Male,3,1,1978-05-10,2010-02-27,2025-10-20
Smith,Bailey,Male,7,1,1979-05-02,2007-09-04,2023-07-17
Sebastian,Knight,Male,6,1,1974-01-08,1998-10-08,2006-07-08
Summer,Stone,Female,4,1,1992-04-17,2019-12-22,
Alfie,Newton,Male,7,1,1980-03-19,2017-04-24,2019-12-20
Riley,Douglas,Male,3,1,1990-12-15,2021-01-21,
Henry,Walsh,Male,3,1,1976-02-20,2022-02-21,
Sven,Graham,Male,4,1,1961-07-04,1996-12-13,2004-10-10
Stephen,Reynolds,Male,3,1,1991-02-03,2020-10-06,2022-09-30
Gabriel,Khan,Male,4,1,1968-07-05,1990-11-21,1998-06-27
Megan,Higgins,Female,6,1,1993-11-30,2021-12-03,
Layla,Pearce,Female,3,1,1976-07-05,2004-01-20,2004-11-22
Tariro,Zhang,Female,4,1,1986-09-08,2011-08-24,
Kacper,Khan,Male,6,1,1977-08-29,2023-04-30,
Aurora,Wood,Female,4,1,1981-05-31,2014-02-20,2021-07-22
Alice,Perry,Female,3,1,1974-06-26,2009-08-28,2014-04-18
Salma,Porter,Female,4,1,1971-08-12,2006-12-31,2013-09-28
Erin,Hughes,Female,5,1,1973-07-16,1996-03-02,2012-01-31
Natalia,Roberts,Female,5,1,1979-06-08,2002-08-03,2018-02-17
Maja,Ward,Female,3,1,1992-08-18,2014-06-05,
Ella,Mwangi,Female,3,1,1989-04-18,2012-11-24,2012-12-09
Hugo,Richardson,Male,7,1,1987-04-28,2019-08-28,
Olivia,Dean,Female,4,0.5,1990-01-12,2020-05-08,2023-04-16
Megan,Arnold,Female,4,1,1980-10-22,2021-12-28,
Callum,Zhang,Male,4,1,1982-02-17,2017-02-02,
Sophie,Atkinson,Female,3,1,1990-05-02,2017-04-18,
Sumaya,Dixon,Female,4,1,1997-01-26,2024-01-08,2024-05-07
Ama,Ellis,Female,6,1,1994-04-24,2021-08-09,
Anthony,Hawkins,Male,2,1,1977-09-13,2004-10-05,2013-10-27
Jayden,Mensah,Male,4,1,1978-03-06,2016-04-12,
Freddie,Mills,Male,3,1,1977-06-05,2012-11-20,2017-03-15
Connor,Wallace,Male,4,1,1971-12-28,2017-11-27,2021-11-07
Thompson,Gray,Male,3,1,1988-06-23,2017-07-16,
Paul,Holmes,Male,7,0.5,1995-05-28,2025-02-16,
Matilda,Kim,Female,3,1,1988-11-08,2010-03-23,2012-12-28
John,Harper,Male,3,1,1977-01-03,2006-08-24,2015-01-30
Philip,Harper,Male,5,1,1989-10-11,2015-11-21,
Charlie,Nicholson,Male,3,1,1974-09-14,2003-08-14,2006-04-11
Freddie,Armstrong,Male,5,1,1970-08-03,1996-11-09,2004-06-30
Robert,Barnes,Male,3,1,1989-03-25,2013-03-11,
Filip,Moore,Male,4,1,1982-09-15,2006-08-07,2019-10-04
Ifunanya,Scott,Female,3,1,1969-10-16,1990-12-26,2005-10-22
Lea,Simpson,Female,5,1,1963-04-09,2016-11-05,2021-06-10
Andrew,Thomas,Male,3,1,1971-09-23,2012-10-24,2024-04-10
Phoebe,Morrison,Female,4,0.5,1964-10-15,2013-04-12,2021-11-26
Owen,Barker,Male,4,0.5,1976-12-30,2012-11-06,2020-06-25
Jan,Newton,Male,3,1,1986-10-06,2009-08-11,2023-05-31
Zuzanna,James,Female,4,1,1984-08-09,2015-06-23,2016-08-28
Taylor,Cox,Male,1,1,1977-10-04,2004-01-26,2011-10-18
Toby,Carroll,Male,5,1,1985-09-02,2019-09-04,
Florence,Black,Female,2,1,1979-06-09,2007-06-15,2025-08-30
Julian,Cooper,Male,1,1,1997-02-14,2018-03-24,
Peter,Stephens,Male,1,1,1993-10-26,2024-04-17,
Rania,Shaw,Female,3,1,1975-01-27,2023-04-16,2024-01-08
Jake,Young,Male,4,1,1971-06-29,2016-10-25,
Stephen,Arnold,Male,7,1,1979-10-14,2009-10-11,
Mark,Lewis,Male,4,1,1973-11-26,1998-10-25,2000-01-14
Anna,Hudson,Female,3,1,1989-01-24,2010-07-08,
Edward,Chukwu,Male,4,1,1992-06-02,2021-06-16,
Maja,Thomas,Female,7,1,1970-11-28,1992-03-01,1997-07-20
Jan,King,Male,4,1,1971-07-06,2018-12-07,2023-09-28
Archie,Butler,Male,1,1,1984-09-06,2008-09-11,2024-06-11
Joseph,Morrison,Male,5,0.5,1985-11-13,2015-09-10,2016-10-25
Simona,Phillips,Female,3,1,1988-10-03,2012-03-05,
Petra,Burgess,Female,6,1,1983-06-03,2007-03-13,2009-09-19
Mohammed,Russell,Male,2,1,1985-11-05,2021-01-11,
Rania,Owen,Female,4,1,1998-07-01,2021-06-04,
Riley,Miller,Male,4,0.5,1980-12-12,2022-12-14,
Oscar,Brown,Male,4,1,1965-02-04,2020-01-28,
Andreas,Frost,Male,4,0.5,1989-03-19,2020-05-29,
Nathan,Chukwu,Male,4,1,1980-04-21,2003-01-19,2004-10-17
Charles,Gibbs,Male,2,1,1971-05-29,2005-06-18,2018-09-10
Jamie,Rowe,Male,4,1,1981-10-22,2015-06-14,2025-05-01
Kristina,Saunders,Female,6,1,1984-12-26,2017-12-01,2025-06-29
Isabella,Cross,Female,7,0.5,1973-05-05,1999-06-25,2009-08-29
Summer,Owen,Female,5,1,1976-03-30,2014-07-27,2025-01-15
Dominic,Wright,Male,4,1,1985-10-07,2014-05-01,
Peter,Dunn,Male,5,1,1996-04-25,2023-05-08,
Lucas,Barker,Male,4,1,1981-05-29,2023-11-22,
Elisa,Hill,Female,3,1,1980-03-09,2022-01-07,
Nathan,Howard,Male,4,1,1974-05-12,2018-02-25,2021-08-01
David,Mwangi,Male,5,1,1975-12-12,2014-12-14,2023-12-09
Nico,Morrison,Male,5,1,1984-08-22,2017-12-06,
Brandon,Hudson,Male,3,1,1980-05-19,2012-09-22,2024-05-26
Oscar,Stewart,Male,6,1,1973-07-11,2008-03-26,2009-06-30
Anthony,Wallace,Male,4,0.5,1986-05-16,2021-05-13,2022-02-28
Sienna,Rowe,Female,4,1,1989-09-01,2019-02-06,2022-07-09
Julian,Wright,Male,4,1,1978-10-21,2004-06-25,2012-08-05
Alice,Harrison,Female,3,1,1981-12-29,2022-02-15,
Louis,Pearce,Male,4,1,1983-04-15,2007-01-09,
Tyler,Berry,Male,4,1,1976-06-01,2000-04-17,2007-05-18
Ama,Stone,Female,4,1,1999-03-29,2021-07-17,
Eleanor,Nguyen,Female,3,1,1979-07-18,2022-07-15,2025-11-11
Nadia,Mills,Female,4,1,1988-01-22,2009-07-03,2023-12-04
Hassan,Fox,Male,2,1,1990-03-31,2015-01-03,
Mark,Palmer,Male,5,1,1974-02-17,2017-06-29,
Erik,Kamau,Male,3,1,1986-05-18,2011-08-24,2016-05-19
Petra,Atkinson,Female,4,1,1973-06-29,1996-04-28,2015-11-04
Sophie,Okafor,Female,6,1,1980-01-30,2016-01-20,2024-04-12
Yasmin,Morris,Female,7,1,1982-06-02,2021-01-25,2021-11-07
Ethan,Chukwu,Male,4,1,1990-09-25,2018-07-19,
Harry,Harvey,Male,1,1,1978-12-07,2008-10-14,2012-12-25
Fatimah,Parsons,Female,2,1,1976-08-11,2007-03-14,2021-08-07
Mohammed,Dixon,Male,4,1,1989-04-06,2022-12-01,
Maja,Watson,Female,6,0.5,1971-08-25,2015-09-16,
Walker,Johnson,Male,4,1,1966-08-22,2018-03-04,
Stefan,Carter,Male,7,1,1965-06-04,2006-03-10,2018-12-30
Elliot,Patel,Male,7,1,1984-04-25,2018-05-08,
Bartosz,Fox,Male,5,1,1973-05-05,2000-06-10,2011-06-22
Joseph,Douglas,Male,4,1,1984-03-19,2006-08-31,2020-03-19
James,Pearce,Male,2,0.5,1990-01-23,2012-10-06,2017-11-09
Chloe,Harrison,Female,4,1,1972-04-25,1998-03-12,1999-07-17
Martin,Reid,Male,5,1,1976-02-16,2002-02-12,2004-11-30
Eva,Fisher,Female,4,1,1975-02-02,2015-01-22,
Oscar,Holt,Male,3,1,1984-10-15,2014-06-30,2017-03-29
Omar,Owen,Male,5,0.5,1987-03-16,2012-11-09,2023-04-13
Sara,Owen,Female,7,1,1993-03-10,2015-06-23,
Riley,Douglas,Male,4,1,1988-06-08,2023-06-03,
Freya,Sanders,Female,7,1,1992-01-26,2023-06-19,
Elena,Adams,Female,5,1,2003-01-18,2025-03-25,
Mason,Nelson,Male,3,0.5,1987-11-24,2009-02-24,
Marek,Mason,Male,3,1,1985-04-28,2018-02-20,
Emma,Gordon,Female,5,1,1976-12-15,2014-05-08,2024-07-06
Jessica,Henderson,Female,5,1,1994-04-24,2016-05-03,
Adanna,Morris,Female,5,1,1975-12-23,2009-12-25,2015-09-27
Zuzanna,Ndlovu,Female,4,1,1979-07-09,2011-05-08,
Sofia,Gray,Female,3,1,1981-07-11,2003-08-30,2013-01-09
Owen,Kamau,Male,2,1,1978-11-19,2002-12-28,2022-01-28
Walker,Cole,Male,5,1,1985-01-11,2019-04-16,
Samuel,Hughes,Male,2,1,1983-09-22,2006-01-28,2022-01-21
Elliot,Morris,Male,4,1,1988-09-16,2023-09-24,
Natalia,Reynolds,Female,4,1,1964-12-23,1992-09-17,2001-02-07
Emil,Rowe,Male,6,1,1980-06-26,2017-08-01,
Ali,Diallo,Male,2,0.5,1988-06-26,2019-07-19,
Jack,Baxter,Male,5,1,2001-01-20,2024-02-20,
Bartosz,Clark,Male,5,1,1994-05-31,2021-02-09,
Erik,Butler,Male,3,0.5,1995-09-10,2024-01-16,
Freddie,Bennett,Male,3,1,1981-02-17,2010-02-12,2014-04-27
Theo,Mensah,Male,3,1,1977-03-04,2023-02-10,
George,Walsh,Male,4,1,1989-01-18,2025-02-10,
Magdalena,Jones,Female,4,1,1965-12-17,2003-11-12,2018-10-26
Oscar,Grant,Male,3,1,1973-03-06,2019-03-20,2021-11-20
Lenka,Warren,Female,5,1,1972-05-30,2008-09-09,2010-07-26
Thompson,Harrison,Male,4,1,1985-03-13,2011-05-12,2022-03-20
Owen,Reynolds,Male,4,1,1989-07-09,2016-05-16,
Lola,Sanders,Female,3,0.5,1977-04-24,2009-05-18,2021-08-09
Abigail,Holmes,Female,5,1,1995-12-23,2020-01-23,
Jessica,Stevens,Female,2,1,1989-11-08,2021-09-05,
Anthony,Fletcher,Male,5,1,1973-07-19,2001-02-09,2017-11-01
Anna,Murray,Female,3,1,1978-02-15,2007-03-12,2016-01-16
Francesca,Warren,Female,5,1,1968-06-06,2012-11-12,2016-01-11
Grace,Booth,Female,3,1,1975-05-20,2019-09-16,
Veronika,White,Female,6,1,2002-09-17,2024-06-09,
Amelia,Turner,Female,4,1,1988-02-14,2011-04-25,2025-01-16
Thompson,Ellis,Male,6,1,1979-07-27,2005-05-16,2017-11-27
Leo,Tanaka,Male,3,1,1995-10-26,2021-02-17,
Kristina,Higgins,Female,1,1,1998-05-06,2019-10-26,
Madison,Watson,Female,3,0.5,1994-07-23,2023-01-18,
Joseph,Rose,Male,5,1,1978-01-26,2021-02-15,
Lukas,Foster,Male,5,1,1985-11-26,2017-04-04,
Harry,Marshall,Male,6,1,1986-09-01,2015-03-30,2023-05-01
Evie,Black,Female,7,1,1991-02-27,2021-01-04,
Freddie,Williams,Male,4,1,1967-02-04,2005-12-19,2022-12-10
Viktoria,Reynolds,Female,4,1,1983-05-30,2023-01-26,
Andrew,Howard,Male,5,1,1977-04-08,2018-11-14,
Oscar,Dixon,Male,5,1,1986-06-11,2012-08-10,2020-03-21
Andrew,Scott,Male,5,1,1976-11-09,2012-04-02,
Peter,Mason,Male,5,1,1978-01-01,2013-02-09,2021-07-30
Henry,Khan,Male,5,1,1984-06-06,2014-08-20,2018-11-04
Lucas,Payne,Male,6,1,1988-02-28,2014-04-07,
Erik,Parsons,Male,5,1,1983-02-09,2005-12-03,2008-04-26
Tomas,Holt,Male,3,1,1992-10-10,2020-08-26,
Mateusz,Gibbs,Male,6,1,1990-04-23,2025-05-13,
Paul,Ellis,Male,4,1,1972-09-08,2008-09-23,2019-03-12
Kyle,Butler,Male,4,1,1967-07-27,2022-09-13,
Aurora,Barnes,Female,3,1,1981-11-28,2015-02-06,2023-12-07
Vincent,Pearson,Male,4,1,1982-04-07,2007-06-21,2019-11-05
Rosie,Davies,Female,3,1,1971-01-23,2018-07-21,
Marek,Smith,Male,2,1,1975-04-13,2023-08-15,
Katarina,Taylor,Female,6,1,1983-07-16,2004-08-07,2008-03-06
Kristian,Spencer,Male,3,1,1970-07-23,2003-08-19,2012-08-17
Brandon,Chapman,Male,4,1,1980-10-11,2023-07-07,
Philip,Morgan,Male,5,1,2003-04-18,2024-08-02,
James,Parker,Male,4,1,2002-06-08,2023-07-11,
Julian,Adebayo,Male,4,1,1978-06-18,2023-08-22,
Jamie,Thompson,Male,3,0.5,1986-04-20,2018-10-28,
Tyler,Fletcher,Male,1,1,1982-09-21,2023-01-27,
Ifunanya,Carroll,Female,2,0.5,1968-10-04,2024-08-08,
Lola,Holt,Female,3,1,1978-04-18,2009-01-22,2016-11-10
Bethany,Hughes,Female,6,1,1966-04-05,2011-02-21,2013-05-17
Sara,Bishop,Female,3,1,1968-12-24,2022-04-14,
Vincent,Hudson,Male,4,1,2002-03-18,2023-12-01,
Richard,Reed,Male,2,1,1987-05-21,2013-06-23,2016-03-18
Samantha,Adams,Female,4,1,1991-01-15,2021-05-25,
Georgia,Tanaka,Female,6,1,1982-04-01,2022-04-04,
Sven,Graham,Male,3,1,1977-06-04,2006-06-21,2011-01-24
Vincent,Carter,Male,2,1,1987-12-04,2024-03-14,
Max,Roberts,Male,2,1,1978-11-10,2007-01-13,2022-03-13
Aaron,Jordan,Male,5,1,1976-05-22,2024-09-20,
Bartosz,Hall,Male,2,1,1994-02-12,2022-06-06,
Yasmin,Okafor,Female,5,1,1979-08-13,2009-03-17,2010-07-30
Katie,Grant,Female,4,1,1992-12-07,2016-01-24,
Sven,Warren,Male,2,1,1985-04-11,2007-02-21,
Connor,Hunt,Male,4,0.5,1976-01-09,2013-11-20,2019-05-16
Chloe,Curtis,Female,4,1,1966-06-03,1991-06-16,2001-01-14
Jack,Barker,Male,3,1,1974-02-10,2004-01-11,2004-10-30
Sven,Fletcher,Male,6,0.5,1975-04-13,2009-01-21,2013-06-23
Natalia,Murray,Female,5,1,1992-03-02,2018-10-01,
Kyle,Spencer,Male,2,1,1987-01-06,2024-09-06,
Ngozi,Webb,Female,2,1,1985-09-02,2009-06-26,2013-12-30
Emma,Butler,Female,4,1,1992-07-09,2015-01-16,
Emil,Parker,Male,5,1,1994-09-07,2016-02-08,2024-06-13
Julian,Hall,Male,5,1,1986-03-10,2011-10-19,2020-02-01
Anthony,Green,Male,1,0.5,1970-10-06,2003-07-08,2016-10-30
Natalia,Arnold,Female,5,1,1989-03-08,2023-09-01,2025-02-14
Mason,Chukwu,Male,4,1,1966-09-02,2019-11-06,
Petra,Carter,Female,7,1,1978-12-09,2000-02-17,2015-03-22
Tyler,Ndlovu,Male,5,1,1972-06-21,2018-01-01,
Callum,Phillips,Male,5,1,1977-12-11,2004-05-04,2024-02-04
Sophie,Hawkins,Female,4,1,1972-11-11,1995-12-12,1997-06-18
Arthur,Chukwu,Male,5,1,1981-04-06,2006-08-12,2021-06-02
Taylor,Wells,Male,4,1,1984-01-28,2011-06-24,2022-02-16
Alfie,Burns,Male,2,0.5,1974-03-26,1995-07-23,2012-03-14
Madison,Roberts,Female,3,1,1989-08-27,2024-09-21,
Holly,Rowe,Female,4,1,1980-09-03,2011-05-16,2018-03-26
Richard,Carroll,Male,7,1,1981-03-15,2011-06-02,2020-01-25
Mark,Francis,Male,3,1,1977-11-13,2000-12-24,2008-04-11
Zahra,Barnes,Female,5,1,1999-04-23,2021-05-29,
Agata,Walters,Female,4,1,1978-05-18,2020-07-18,
Zahra,Rowe,Female,4,1,1980-05-02,2015-04-30,
Alfie,Cox,Male,4,1,1984-08-17,2013-05-06,
Jan,Sanders,Male,7,1,1989-11-24,2014-12-01,
Ifunanya,Austin,Female,4,1,1969-04-12,1999-04-10,2004-07-03
Julian,Carter,Male,2,1,1986-12-16,2014-07-11,2021-08-09
Grace,Hart,Female,3,1,1981-05-18,2002-09-13,2009-09-02
Samira,Frost,Female,4,1,1974-08-26,2002-04-29,2006-11-23
Alice,Grant,Female,3,1,1975-03-23,2004-03-29,2012-02-02
Edward,Bennett,Male,6,1,1976-12-19,2018-04-12,
Oscar,Chukwu,Male,3,1,1971-01-06,2020-08-26,
Maja,Nkosi,Female,3,1,1975-08-20,2002-05-16,2002-09-18
Andrew,Brooks,Male,3,1,1987-12-20,2018-12-29,
Peter,Chukwu,Male,1,1,1984-03-13,2013-02-17,
Ethan,Atkinson,Male,3,1,1994-05-26,2015-10-28,
Lukas,Baxter,Male,4,1,1990-12-07,2015-08-19,
Ifunanya,Allen,Female,6,1,1962-11-09,2018-10-27,2024-04-02
Oscar,Roberts,Male,6,1,1990-09-11,2015-03-12,2021-11-05
Sana,Saunders,Female,4,1,2001-08-24,2024-01-17,
Roman,Butler,Male,2,1,1990-09-13,2021-02-27,
Jamie,Mwangi,Male,2,1,1989-10-22,2014-01-30,
Kyle,Newton,Male,1,1,1989-07-06,2021-10-22,
Florence,Nkosi,Female,6,1,1969-08-18,2008-02-14,
Dylan,Reid,Male,4,1,1997-12-21,2023-01-24,
Robert,James,Male,1,1,1981-01-05,2023-08-16,
Adam,Marshall,Male,4,1,1975-12-28,2003-07-01,2022-06-02
Riley,Bell,Male,5,1,1970-07-02,2013-06-29,2017-05-14
Stefan,Thomas,Male,4,1,1991-09-15,2014-02-13,2021-04-29
Victoria,Cooper,Female,2,1,1991-05-19,2020-04-29,
Daniel,Curtis,Male,3,1,1975-10-02,2018-09-20,2023-07-21
Benjamin,Stone,Male,4,1,2003-05-25,2024-07-24,
Vincent,Rose,Male,5,1,1990-05-30,2014-12-31,2024-09-03
Lucia,Stewart,Female,4,1,1996-07-13,2022-08-29,
Stefan,Frost,Male,3,1,1977-12-12,2005-02-02,2018-07-16
Marek,Cross,Male,6,1,1966-02-27,1998-09-18,2015-12-31
Lukas,Owen,Male,5,1,1984-11-30,2017-08-01,
Arthur,Shaw,Male,5,1,1976-09-20,2020-03-27,
Alfie,Gordon,Male,6,1,1990-04-28,2013-04-23,2021-09-23
Kyle,Rose,Male,2,1,1974-02-24,2020-05-15,
Mason,Hart,Male,2,1,1981-04-24,2008-10-16,
Martina,Allen,Female,5,1,1984-03-08,2012-08-02,
Hugo,Berry,Male,4,0.5,1977-09-25,2025-03-30,
Alice,Chukwu,Female,5,1,1979-05-19,2017-07-06,2025-10-26
Freya,Nkosi,Female,6,1,1998-02-02,2021-06-30,2022-06-15
Maja,Hart,Female,5,1,1999-12-14,2021-03-23,
Mia,Murray,Female,7,1,1988-01-14,2013-06-10,
Eva,Graham,Female,5,1,1991-06-16,2015-04-10,2020-10-21
Giulia,Brooks,Female,2,1,1983-08-12,2015-01-06,2016-08-14
Nathan,Smith,Male,7,1,1979-05-26,2014-11-18,
Freya,Patel,Female,3,1,1993-05-14,2020-12-23,2021-01-01
Magdalena,Nicholson,Female,2,1,1983-06-12,2022-05-14,
Walker,Hunt,Male,3,1,1979-10-11,2021-03-11,
Brandon,Mensah,Male,4,1,1981-04-21,2024-02-28,
Theo,Grant,Male,5,1,1974-11-09,2005-01-15,2009-08-25
David,Mills,Male,1,1,1992-10-15,2014-09-25,2021-03-25
Thomas,Sanders,Male,4,0.5,1977-01-30,2005-07-10,2015-04-12
Thompson,Taylor,Male,3,1,1986-08-27,2016-10-19,
Jayden,Francis,Male,2,1,1967-05-22,1991-02-27,2005-05-22
Sven,Abebe,Male,4,1,1983-12-25,2015-12-18,
Rosie,Mwangi,Female,2,1,1969-08-09,2019-10-31,
Ali,Hughes,Male,5,1,1988-07-03,2024-03-13,
Brandon,Perry,Male,4,1,1965-03-05,2004-06-25,2012-06-15
Oscar,Higgins,Male,5,1,1980-03-07,2010-05-31,2024-12-30
Joshua,Kim,Male,5,1,1988-09-28,2009-12-31,2022-01-14
Walker,Cole,Male,4,1,1991-06-08,2021-10-02,
Leo,Knight,Male,7,1,1969-01-14,2007-07-27,2008-10-26
Stephen,Tanaka,Male,5,0.5,1979-04-03,2016-09-26,
Matilda,Edwards,Female,7,1,1974-07-21,2015-12-23,2018-11-21
Thomas,Graham,Male,6,1,2001-05-22,2024-02-14,
Ali,Mwangi,Male,4,1,1971-11-08,1998-08-24,2016-09-09
Owen,Lawrence,Male,6,1,1968-10-21,1995-10-09,2004-04-25
Jan,Marshall,Male,4,1,1967-09-06,2019-05-02,2024-06-29
Mark,Jordan,Male,6,1,1961-07-05,2009-05-30,
Phoebe,Thompson,Female,4,1,1990-08-05,2015-03-06,2025-11-12
Petra,Harrison,Female,3,1,1973-06-18,2012-01-21,2015-08-07
Lewis,Bishop,Male,3,1,1984-09-13,2025-02-26,
Kristian,Moore,Male,4,1,1977-07-26,2002-07-03,2017-07-16
Smith,Curtis,Male,5,0.5,1983-04-13,2013-03-12,2018-05-23
Holly,Bell,Female,5,0.5,1978-08-17,2002-02-01,2005-01-27
Kinga,Francis,Female,1,1,1962-11-14,2016-07-13,
Evie,Morgan,Female,5,0.5,1983-09-09,2023-05-23,
Philip,Higgins,Male,6,1,1984-06-24,2021-11-24,
Sofia,Adams,Female,4,1,1969-06-21,2008-08-07,2023-06-02
Ali,Atkinson,Male,5,1,1979-03-23,2011-09-15,2020-08-22
Lenka,Arnold,Female,5,1,1999-02-17,2022-07-24,
Richard,Morrison,Male,5,1,1980-01-04,2010-04-11,2012-08-09
Makena,King,Female,2,1,1988-03-27,2011-10-18,2015-10-29
Erik,Mason,Male,2,1,1978-04-05,2007-01-15,2021-09-13
Thompson,Davies,Male,5,1,1971-04-28,2024-08-06,
Anthony,Tanaka,Male,6,0.5,1985-04-20,2013-07-08,2014-03-16
Connor,Bell,Male,4,1,1969-01-26,2008-07-05,2015-01-25
Charles,Walters,Male,5,1,1998-02-28,2024-05-24,
Maria,Newton,Female,3,1,1998-04-17,2019-06-25,2025-10-03
Imogen,Abebe,Female,6,1,1997-01-21,2020-07-18,
Simona,Nicholson,Female,5,1,1979-04-03,2005-11-03,2006-09-22
Hugo,Bates,Male,5,1,1982-03-20,2004-09-09,2023-05-22
Grace,Chen,Female,5,1,1979-04-20,2001-09-23,2013-03-13
Charlotte,Mwangi,Female,5,1,1978-09-21,2006-08-07,
Oscar,Morrison,Male,3,1,1976-08-28,2007-08-27,2012-11-05
Michael,Chapman,Male,4,1,1980-05-19,2011-11-26,
Paul,Harrison,Male,4,1,1963-01-14,2002-09-12,2018-11-11
Maddison,Reid,Female,5,1,1991-05-04,2019-01-16,2021-04-17
Jack,Hart,Male,5,1,1981-10-03,2009-11-08,2018-04-22
Jack,Kim,Male,4,1,1986-05-01,2019-06-30,
Rosie,Baldwin,Female,4,1,1971-02-24,1998-04-26,2005-12-28
Veronika,Hall,Female,1,1,1984-11-22,2012-08-04,2019-05-03
Jasmine,Woods,Female,5,1,1986-10-28,2008-06-06,2021-02-10
Vincent,Abebe,Male,6,1,1991-02-11,2024-02-04,
Molly,Berry,Female,3,1,1972-02-12,1993-03-21,2000-08-07
Lukas,Henderson,Male,6,1,1990-12-11,2022-11-03,
Ali,Mason,Male,3,1,1987-11-04,2024-01-21,
Mariusz,Armstrong,Male,5,1,2003-07-25,2024-09-24,
Lukas,Mason,Male,3,1,1995-04-30,2018-04-10,
Oscar,Berry,Male,5,1,1984-05-09,2024-02-24,
Lily,Cook,Female,5,0.5,1986-11-10,2012-09-24,2025-08-26
Sebastian,King,Male,6,1,1970-09-22,2008-05-05,
Mark,Burns,Male,5,1,1971-04-19,1995-05-31,2014-11-08
Thomas,Edwards,Male,2,0.5,1981-10-09,2003-09-22,2020-10-14
Ahmed,Jones,Male,3,1,1986-01-30,2013-10-08,
Owen,Walsh,Male,4,1,1982-06-09,2020-06-10,2023-09-20
Sienna,Turner,Female,2,1,1974-09-04,2007-11-10,2018-01-18
Peter,Morrison,Male,5,1,1984-10-19,2022-08-18,
Daniel,Baxter,Male,1,1,1973-01-07,2007-07-27,2018-10-12
Alice,Dean,Female,4,0.5,1989-12-03,2024-01-31,
Jakub,Cole,Male,4,1,2002-11-01,2024-08-02,
Kinga,Bell,Female,4,1,1997-12-06,2023-04-26,
Samira,Kelly,Female,4,1,1992-03-31,2018-07-04,2018-09-10
Tariro,Atkinson,Female,3,1,1988-07-12,2016-08-28,
Lola,Walsh,Female,4,1,1966-10-02,2010-04-28,2017-08-07
Ngozi,Arnold,Female,5,0.5,1968-08-21,1996-05-08,2000-11-16
Sumaya,Gordon,Female,4,1,1982-01-06,2006-04-12,2016-10-12
Jakub,Patel,Male,3,1,1979-08-26,2001-09-22,2016-04-30
Layla,Howard,Female,4,1,1962-04-22,2000-03-02,2006-04-05
Lucas,Holt,Male,3,1,1980-12-28,2020-08-02,
Theo,Baker,Male,4,1,1980-02-28,2011-10-19,2022-03-17
Summer,Wilson,Female,4,1,1968-12-11,1999-01-21,2006-05-24
Elliot,Okafor,Male,4,1,1982-05-21,2021-02-01,
Salma,Phillips,Female,6,0.5,1977-02-21,2012-09-28,
Lauren,Thomas,Female,5,1,1984-08-21,2021-02-27,2023-03-19
Pavel,Abebe,Male,2,1,1991-06-30,2024-10-06,
Mateusz,Atkinson,Male,4,1,1984-09-01,2010-09-12,2024-05-10
Harriet,Foster,Female,7,1,2000-01-27,2024-06-05,
Charles,Patel,Male,5,1,1980-10-25,2013-01-23,2013-08-03
Elisa,Price,Female,5,0.5,1976-10-13,2021-04-06,
Michael,Carroll,Male,4,1,1977-09-23,2006-04-30,2012-07-16
Lenka,Marshall,Female,4,0.5,1990-09-30,2018-12-07,
Brandon,Baldwin,Male,6,1,1992-05-31,2016-05-13,
Aisha,Chen,Female,4,1,1962-04-08,2008-05-19,2016-01-23
Aurora,Harper,Female,3,1,1975-03-01,2000-09-21,2013-04-18
Maja,Okafor,Female,4,0.5,1976-08-28,1999-06-29,2009-11-28
Connor,Smith,Male,4,1,1987-11-14,2021-08-07,
Yasmin,Newton,Female,2,1,1978-07-02,2014-11-28,2022-03-29
Ahmed,Stewart,Male,3,1,1977-07-31,2005-05-31,2019-01-31
Nathan,Walsh,Male,3,1,1980-05-04,2006-09-08,2007-01-30
Alice,Taylor,Female,4,1,1984-12-28,2020-11-05,
Nia,Armstrong,Female,3,1,1978-05-13,2004-01-14,2016-10-10
Ali,Armstrong,Male,5,1,1977-06-20,1999-06-09,2004-05-02
Pavel,Wells,Male,6,0.5,1986-05-30,2012-09-29,2020-09-17
Marek,Campbell,Male,3,1,1997-06-03,2020-08-02,2023-04-11
Aurora,Dixon,Female,5,1,1971-01-16,1998-02-24,2009-02-11
Leo,Young,Male,4,1,1996-06-06,2023-07-09,
Jana,Pearce,Female,5,1,1971-09-15,2021-09-26,
Rania,Spencer,Female,5,1,1983-07-28,2020-07-25,
Elliot,Shaw,Male,4,1,1986-04-18,2018-06-15,2019-10-15
Dominic,Marshall,Male,6,1,1989-11-20,2020-07-17,
Eshe,Austin,Female,4,1,1980-04-23,2008-07-30,
Sven,Porter,Male,2,1,1973-08-22,1998-11-20,2011-02-22
Charlie,Burgess,Male,3,1,1991-10-03,2014-12-02,
Oscar,James,Male,5,1,1981-01-12,2008-02-04,2023-03-25
Clara,Henderson,Female,2,1,1976-06-06,2012-11-27,2025-10-01
Jakub,Butler,Male,2,1,1994-02-21,2023-10-05,
Ryan,Austin,Male,4,1,1975-03-05,2004-03-13,2006-01-12
Leah,Barker,Female,4,1,1975-05-01,2009-03-21,2021-03-18
Viktoria,Spencer,Female,3,0.5,1994-07-01,2021-08-05,
Mariusz,Chapman,Male,4,1,1983-04-06,2007-11-06,2010-09-03
Alfie,Cox,Male,2,1,1965-01-16,2010-10-02,2012-11-20
George,Douglas,Male,6,0.5,1970-07-25,2011-09-05,2018-07-31
Joseph,Zhang,Male,2,1,1992-03-04,2016-03-31,
Harriet,Holt,Female,7,1,1988-02-22,2017-03-21,
Connor,Williams,Male,3,1,1973-12-04,2004-03-13,2022-10-10
Joseph,Adebayo,Male,4,1,1985-03-31,2022-03-20,
Richard,Phillips,Male,4,0.5,1989-08-29,2022-05-08,
Felix,Black,Male,1,1,1975-11-17,2018-09-05,2020-06-24
Sven,Lawrence,Male,3,1,1971-01-25,2024-05-20,
Jayden,Saunders,Male,3,1,1983-04-09,2019-12-21,2022-03-23
Thompson,Nicholson,Male,5,1,1993-03-11,2015-10-12,2015-11-07
Freddie,Cooper,Male,3,1,1984-06-18,2011-08-24,2014-12-25
Mariusz,Cook,Male,3,1,1962-10-22,2024-05-29,
Freya,Wallace,Female,6,0.5,1965-07-05,1989-02-04,2005-04-22
Benjamin,Singh,Male,5,0.5,1995-01-26,2018-06-21,
Sana,Brown,Female,5,1,1982-12-07,2022-03-28,2024-01-24
Yasmin,King,Female,7,1,1986-01-29,2012-06-07,
Lukas,Mitchell,Male,3,1,1972-05-28,1997-03-17,2004-07-22
Zoe,Barker,Female,4,1,1978-10-22,2008-03-28,2025-04-02
Freya,Wood,Female,2,1,1981-03-31,2003-04-02,2016-02-12
Leah,Kelly,Female,4,1,1992-04-24,2023-11-22,2025-05-27
Nathan,Wood,Male,4,1,1975-04-09,2010-12-07,2020-07-25
Amina,Bates,Female,4,1,1979-09-04,2007-06-11,2024-07-22
Sebastian,Baldwin,Male,1,1,1979-05-20,2011-02-21,
Zuzanna,Matthews,Female,5,1,1974-01-18,1997-02-20,2003-07-01
Freddie,Walsh,Male,4,1,1991-04-14,2016-05-24,2024-12-31
Magdalena,Cox,Female,4,1,1980-05-29,2014-11-05,2017-05-07
Simon,Parsons,Male,4,1,1970-08-31,2002-10-27,2015-07-28
Agata,Harris,Female,3,1,1984-04-16,2010-09-28,2020-08-24
Thompson,Hall,Male,4,1,1979-03-07,2024-05-16,
Nia,Allen,Female,3,1,1987-03-03,2012-03-12,
Harry,Turner,Male,7,1,1965-01-27,1991-02-16,1999-04-03
Charlotte,Bates,Female,6,1,1981-07-23,2011-05-30,
Joseph,Taylor,Male,5,1,1986-07-06,2024-10-21,
Lola,Sanders,Female,4,1,1984-09-27,2020-08-23,
Maja,Jones,Female,3,1,1982-09-26,2008-09-08,2011-09-05
Sebastian,Booth,Male,3,1,1977-07-25,2019-07-25,
Isabella,Chapman,Female,4,1,1974-11-26,2005-06-27,2024-09-11
Paulina,Green,Female,4,0.5,1990-08-23,2025-04-04,
Megan,Davies,Female,4,1,1989-05-23,2022-12-25,
Harry,Hunter,Male,5,1,1990-04-24,2013-09-28,2018-11-11
Francesca,Foster,Female,2,1,1988-02-07,2014-06-12,
Jake,Cox,Male,4,1,1990-12-04,2021-05-26,2025-01-09
Florence,Holt,Female,3,1,1994-01-05,2022-05-08,
Stefan,Armstrong,Male,2,0.5,1993-08-06,2022-12-03,
Tereza,Hunt,Female,4,1,1994-09-01,2022-01-28,
Taylor,Owen,Male,1,0.5,1987-01-08,2019-06-19,
Filip,Hughes,Male,1,1,1995-05-31,2017-04-26,2022-03-24
Lucas,Scott,Male,4,1,1960-10-12,1988-02-21,1997-01-23
Ayana,Johnson,Female,3,1,1981-10-16,2024-05-02,
Nadia,Barker,Female,6,0.5,1966-02-05,2008-04-25,2014-03-30
Ngozi,Burns,Female,5,1,1977-09-08,2006-07-27,2020-12-15
Max,Chen,Male,3,0.5,1972-07-14,1993-10-23,2005-04-04
Sven,Gray,Male,4,1,1982-02-27,2004-01-20,2019-09-08
Ryan,Taylor,Male,3,1,1982-01-01,2017-01-31,
Luka,King,Male,5,1,1981-09-03,2015-08-20,
Julian,Adebayo,Male,3,1,1982-04-20,2022-05-16,
Kyle,Porter,Male,4,1,1973-06-13,1998-02-15,2008-07-13
Eleanor,Thomas,Female,3,1,1969-05-05,2005-05-21,2010-12-02
Alfie,Baldwin,Male,4,1,1973-03-17,2004-02-09,2016-11-01
Julian,Gray,Male,4,1,1966-02-18,2010-01-24,2018-12-08
Zuri,Phillips,Female,3,1,1983-07-09,2006-04-30,2009-11-02
Dominic,Richardson,Male,5,1,1990-10-09,2020-10-02,
Sophie,Cook,Female,4,1,1973-11-24,1996-01-24,2009-08-13
Leo,Parsons,Male,4,1,1977-10-29,2024-02-24,
Lola,Young,Female,3,1,1981-01-16,2011-04-22,
Julian,Allen,Male,6,1,1979-05-21,2002-01-14,2016-05-05
Matilda,Khan,Female,5,1,1981-08-25,2018-09-03,
Sara,Simpson,Female,3,1,1976-07-23,2015-04-11,2019-07-28
Julia,Evans,Female,3,1,1981-10-03,2004-05-06,2024-03-11
Mariusz,Matthews,Male,1,1,1983-09-18,2013-03-30,2013-08-20
Sofia,Nguyen,Female,6,1,1976-09-08,2006-10-31,2010-11-16
Archie,Bailey,Male,4,1,1986-03-07,2008-02-15,2010-10-23
Katarina,Roberts,Female,3,1,1974-10-10,1996-06-27,2004-02-21
Lucas,Hall,Male,6,1,1986-11-29,2020-10-30,
James,Reid,Male,2,1,1971-04-03,2000-06-30,2006-06-17
Leo,Moore,Male,3,1,1977-02-13,2005-02-26,2019-01-17
Pavel,Nicholson,Male,6,1,1977-09-18,2017-12-04,
Jessica,Higgins,Female,5,1,1970-01-11,2024-09-06,
Zuri,Barnett,Female,4,1,1980-09-25,2018-09-24,2024-02-13
Georgia,Hughes,Female,2,1,1992-02-29,2021-12-12,
Imogen,Lewis,Female,4,1,1976-12-22,2025-04-03,
Grace,Wong,Female,3,1,1974-12-13,2007-05-19,2013-12-19
Jack,Douglas,Male,5,1,1977-10-15,2006-05-17,2015-11-01
Samira,West,Female,7,1,1979-08-04,2022-11-30,
James,Dixon,Male,3,1,1991-11-07,2023-11-27,
Tomas,Stephens,Male,6,1,1991-01-09,2017-01-30,
Jasper,Ellis,Male,4,1,1973-02-24,2001-01-03,2013-04-09
Georgia,Higgins,Female,2,1,1999-02-14,2023-10-01,
Aleksandra,Russell,Female,7,1,1970-07-14,2002-04-16,2013-11-03
Riley,Berry,Male,4,1,1993-08-17,2017-01-18,2020-11-12
Matilda,Diallo,Female,5,1,1984-09-22,2016-09-06,
Grace,Fletcher,Female,3,1,1982-10-03,2014-05-02,2015-10-26
Rania,Fox,Female,5,1,1979-02-20,2014-12-21,2022-04-29
Arthur,Sanders,Male,4,1,1987-05-23,2021-09-29,
Luka,Brooks,Male,5,1,1990-03-26,2018-12-20,
Madison,Cook,Female,1,1,1982-04-09,2018-07-28,
Mariusz,Adebayo,Male,3,1,1968-09-21,2016-02-11,2017-04-01
Mariusz,Fletcher,Male,5,1,1989-09-19,2012-10-09,2024-08-12
Erin,Booth,Female,5,1,2001-10-04,2023-10-27,
Alfie,Campbell,Male,5,1,1984-07-15,2018-09-11,
Evie,Harper,Female,4,1,1996-02-15,2022-09-14,
Jan,Turner,Male,5,1,1974-04-22,2004-08-19,2020-08-11
Arthur,Nguyen,Male,2,1,1982-09-29,2019-05-23,
Jamie,Taylor,Male,3,1,1989-09-10,2011-03-01,2012-03-28
Nina,Jordan,Female,1,1,1984-04-16,2016-01-13,
Samuel,Fisher,Male,5,1,1973-12-01,2010-04-02,2010-07-15
Natalia,West,Female,7,0.5,1966-01-23,2025-04-23,
Roman,Palmer,Male,1,0.5,1988-08-08,2020-10-03,2022-08-27
Isabella,Okafor,Female,5,1,1984-10-28,2017-06-04,
Harry,Douglas,Male,4,1,1978-06-10,2018-10-22,2021-12-25
Zuri,Pearson,Female,5,1,1983-02-10,2011-12-15,
Smith,Armstrong,Male,4,1,1986-12-21,2022-07-18,
Giulia,Allen,Female,6,1,1978-09-28,2007-09-06,2021-05-20
Paul,Baldwin,Male,2,1,1995-12-13,2017-07-13,2023-08-22
Callum,Barnes,Male,4,1,1984-12-23,2014-04-11,2022-08-16
Peter,Edwards,Male,5,1,1993-05-11,2018-07-26,2024-12-12
Omar,Bennett,Male,2,1,1981-11-07,2021-03-07,
James,Davies,Male,5,1,1975-04-21,2004-02-10,2012-05-20
Owen,Cross,Male,3,1,1991-01-06,2017-08-28,
Louis,Bell,Male,5,1,1984-05-02,2014-10-29,
Elliot,Armstrong,Male,4,0.5,1983-07-09,2018-10-02,2023-12-10
Aaron,Chapman,Male,5,1,1971-03-10,2011-07-17,2013-11-09
Erik,Parker,Male,5,0.5,1986-09-18,2009-09-10,2010-12-29
Oscar,Baker,Male,4,0.5,1974-08-17,2004-08-30,2021-12-10
James,Perry,Male,4,1,1968-04-30,2013-03-20,
Jake,Reed,Male,4,1,1991-03-24,2015-11-12,
Mariusz,Barnes,Male,4,1,1980-09-10,2013-08-21,2019-06-25
Alfie,Knight,Male,2,1,1994-10-20,2017-10-20,2021-01-13
Sophie,Mason,Female,5,1,1975-06-14,2020-05-17,
Jack,Barnes,Male,5,1,1980-03-17,2001-06-20,2013-06-08
Fatima,Gordon,Female,6,1,1979-12-16,2019-04-20,
Martina,Owen,Female,1,1,1994-06-30,2021-02-23,
Cameron,Hill,Male,7,0.5,1995-01-24,2019-04-23,
Ethan,Kelly,Male,5,1,1988-02-01,2013-04-22,2018-03-09
Elliot,Hunter,Male,1,1,1976-10-01,2024-12-04,2025-07-14
Andreas,Francis,Male,4,1,1975-03-04,2009-11-10,
Ayana,Ellis,Female,6,1,1973-08-29,1997-04-04,1998-12-08
Hassan,Sanders,Male,4,1,1968-04-15,2014-09-19,
Mohammed,Frost,Male,3,1,2000-01-14,2022-05-15,
Anthony,Reid,Male,3,1,1984-06-14,2023-09-26,
Emil,Howard,Male,5,1,1992-03-10,2016-04-10,
Jan,Nkosi,Male,7,1,1985-11-12,2011-09-17,2016-09-15
Anthony,Baxter,Male,4,0.5,1974-09-29,2015-12-30,
Cameron,Mills,Male,2,1,1984-09-11,2020-01-18,2023-12-25
Liam,Payne,Male,4,0.5,1986-07-18,2019-10-09,
Salma,Baker,Female,4,1,1994-10-27,2018-08-26,
Erik,Holt,Male,5,1,1979-04-23,2020-08-23,
Samuel,Bailey,Male,4,1,1977-01-05,1999-02-22,2003-05-13
Leo,West,Male,1,1,1976-11-30,1999-05-07,2005-08-24
Lily,Dixon,Female,2,0.5,1989-08-08,2013-05-19,2021-07-10
Jamie,Jordan,Male,5,1,1969-09-07,2016-12-25,2018-10-09
Hugo,Gibbs,Male,3,1,1978-04-14,2003-05-04,2016-01-02
Sebastian,King,Male,4,1,1980-10-29,2019-03-19,
Matthew,Richardson,Male,7,0.5,1985-04-02,2011-04-13,
Peter,Hudson,Male,3,1,1983-03-12,2025-05-15,
Tyler,Lawrence,Male,4,1,1980-12-30,2009-07-05,
Nathan,Douglas,Male,3,1,1970-07-04,1996-02-17,2012-02-17
Anna,Rowe,Female,5,1,1986-11-20,2014-10-05,
Marek,Barnes,Male,5,1,1986-12-04,2018-08-02,
Lenka,Richardson,Female,5,1,2002-05-25,2023-11-15,
Charles,Nguyen,Male,3,1,1992-08-15,2024-12-04,
Nia,Saunders,Female,4,1,1962-01-28,1998-11-11,2003-07-13
Philip,Wallace,Male,7,1,1973-06-17,2022-10-09,
Tariro,Clark,Female,6,1,1978-11-23,2007-11-23,2013-01-07
Agata,Fletcher,Female,6,1,1980-02-08,2003-12-30,2016-09-01
Kinga,Dunn,Female,2,1,1987-10-02,2013-11-15,2025-02-04
Aaron,Rowe,Male,4,1,1997-04-08,2024-11-11,
Grace,Smith,Female,4,1,1983-01-09,2021-07-15,
Paulina,Booth,Female,3,1,1971-01-07,1993-10-03,2006-01-07
Jasper,Fox,Male,4,1,1988-04-22,2023-09-14,
Pavel,Thompson,Male,5,1,1989-04-20,2013-01-27,
Matthew,Evans,Male,4,1,1985-06-10,2016-04-01,2017-04-11
Andrew,Newton,Male,3,1,1981-07-21,2013-08-13,2019-03-20
Jessica,Scott,Female,5,1,1969-04-04,2003-08-15,2014-10-10
Natalia,Owen,Female,3,1,1983-05-11,2023-11-18,
Kyle,Davies,Male,2,1,1979-08-31,2025-05-18,
Elliot,Adams,Male,2,1,1980-07-04,2011-06-11,2013-08-12
Tariro,Douglas,Female,5,1,1986-04-06,2012-11-14,
Milo,Edwards,Male,3,1,1989-08-31,2020-03-22,2025-06-09
Sade,Bradley,Female,2,1,1998-02-26,2019-10-06,
Milo,Butler,Male,5,1,1982-12-29,2010-08-30,2020-07-23
Jake,Howard,Male,3,1,1982-07-10,2005-08-14,2010-07-16
Eva,Matthews,Female,5,0.5,1977-06-30,2013-06-30,2024-06-07
Joseph,Mwangi,Male,3,1,2001-08-19,2023-05-16,
Jana,Bradley,Female,6,1,1996-02-20,2017-07-11,
Archie,Sanders,Male,4,1,1978-08-04,2025-05-21,2025-06-09
Mark,Cook,Male,6,1,1989-05-07,2014-04-21,2015-11-07
Nico,Okafor,Male,6,1,1980-01-29,2003-02-24,2016-09-04
Samuel,Okafor,Male,3,1,1986-02-08,2024-04-19,
Molly,Tanaka,Female,4,0.5,1979-07-08,2008-12-20,2018-09-14
Erik,Abebe,Male,4,1,1984-02-09,2014-04-02,2024-03-09
Gabriel,Cross,Male,4,1,1989-06-20,2022-06-30,
Kyle,Russell,Male,4,1,1974-10-22,2001-07-11,2019-02-22
Harry,Roberts,Male,5,1,1994-02-27,2015-04-04,
Andrew,Baxter,Male,2,1,1984-07-09,2019-05-22,
Ryan,Kelly,Male,5,1,1993-05-29,2016-01-10,2021-06-01
Pavel,Campbell,Male,2,1,1992-05-13,2023-09-07,
Florence,Holt,Female,7,1,1982-01-01,2019-12-01,2024-04-04
Victoria,Reid,Female,2,1,1982-11-21,2022-04-03,
Eshe,Jones,Female,3,0.5,1975-01-10,2011-03-23,2022-06-01
Layla,Higgins,Female,4,1,1977-10-30,2020-08-24,
Sven,Okafor,Male,5,1,1990-11-21,2012-06-04,
Zahra,Simpson,Female,2,0.5,1970-12-14,2016-07-31,
Jan,Bishop,Male,6,1,1983-08-19,2024-05-10,
Noor,Newton,Female,3,1,1982-04-11,2011-06-12,2023-08-17
Pavel,Hill,Male,6,1,1987-01-19,2015-07-07,
Aaron,Warren,Male,7,1,1982-09-23,2017-08-30,
Molly,Rose,Female,4,1,1974-11-05,2007-09-30,2011-11-09
Zuri,Rowe,Female,3,1,1992-09-02,2014-09-02,2020-08-22
Emma,Walters,Female,1,1,1987-07-12,2011-08-15,2022-12-03
Marek,Tanaka,Male,4,1,1996-08-10,2019-05-29,
Andrew,Porter,Male,1,1,1993-11-04,2019-10-20,
Eleanor,Cross,Female,2,1,1989-11-19,2015-06-14,
George,Richardson,Male,3,1,1995-12-18,2021-08-28,
Emil,Morris,Male,3,1,1986-05-31,2010-11-15,2013-05-22
Freddie,Ward,Male,3,1,1984-05-08,2007-06-26,2018-05-31
Toby,Webb,Male,4,1,1974-12-05,2004-03-13,2012-02-18
Amelia,Butler,Female,1,1,1975-05-28,2018-09-19,
Zuri,Bishop,Female,5,1,1991-09-21,2013-05-25,2019-07-10
Simon,Howard,Male,5,0.5,2002-04-02,2024-07-22,
Scarlett,Young,Female,4,1,1976-10-06,2017-09-19,
Petra,Walsh,Female,3,1,1981-12-22,2012-05-01,
Adanna,Warren,Female,6,1,1989-12-14,2017-10-26,
Samantha,Barnett,Female,5,1,1989-11-28,2014-03-28,2015-11-26
Richard,Holland,Male,4,1,1978-02-17,2019-07-27,
Elisa,Perry,Female,4,1,1992-11-01,2016-10-05,
Tereza,Baker,Female,3,1,1972-02-13,2008-11-17,2017-11-16
Stefan,Walters,Male,5,1,1988-09-18,2023-07-21,
Sienna,Wilson,Female,4,1,1984-07-16,2012-11-11,
Amina,Chen,Female,5,1,1982-01-16,2016-12-06,2018-04-22
Nina,Diallo,Female,6,1,1986-07-21,2008-01-01,2008-07-02
Yasmin,Lane,Female,3,1,1996-05-07,2018-12-04,2023-01-01
Louis,Hudson,Male,5,1,1975-10-26,2001-03-11,2014-04-16
Riley,Marshall,Male,7,1,1974-03-21,2022-02-18,
Emil,Holland,Male,3,1,1991-12-09,2014-04-16,
Milo,Cooper,Male,4,1,1984-05-23,2007-04-14,2015-10-29
Liam,Warren,Male,3,1,1980-04-04,2023-05-11,
Anna,Saunders,Female,1,1,1964-12-30,2018-02-14,
Gabriel,Black,Male,3,1,1974-09-10,2016-11-13,
Lucas,Kamau,Male,2,1,1983-01-23,2019-10-30,
Kristian,Matthews,Male,4,1,1994-09-12,2023-06-02,
James,Hamilton,Male,3,1,1975-05-09,2004-08-18,2011-06-02
Ella,Russell,Female,3,1,1964-06-18,2006-06-29,2007-05-08
Agata,Hamilton,Female,4,1,1979-01-25,2014-01-19,2014-07-13
Kwamboka,Hawkins,Female,2,1,1973-04-26,1997-09-20,2017-07-14
Mateusz,Harper,Male,3,1,1975-11-09,2006-11-30,2011-03-07
Patryk,Butler,Male,4,1,1976-07-19,2011-01-05,2011-07-11
Chinara,Stevens,Female,4,1,1986-04-01,2008-04-06,2022-02-10
Tomas,Sanders,Male,4,1,1960-12-31,1990-12-26,2008-09-04
Sade,Richardson,Female,2,1,1981-01-06,2023-12-18,
Luke,Khan,Male,4,0.5,1985-07-09,2022-10-18,
Gabriel,Black,Male,2,1,1980-03-12,2003-03-12,2004-10-14
Ahmed,Scott,Male,6,0.5,1998-04-15,2019-07-08,2023-05-22
James,Hamilton,Male,6,0.5,1980-08-01,2003-10-01,2017-12-15
Owen,Richardson,Male,3,1,1984-04-03,2012-07-26,2021-08-02
Sienna,Barker,Female,3,1,1995-02-02,2019-09-21,
Ali,Hamilton,Male,4,1,1984-12-01,2014-03-16,
Scarlett,Bradley,Female,4,1,1960-05-26,2010-03-09,
Marek,Ndlovu,Male,4,1,1981-07-05,2022-11-29,
Noor,Frost,Female,4,1,1983-09-27,2011-04-25,2013-07-18
Mohammed,Chapman,Male,4,1,1975-03-07,1996-03-14,2004-05-25
Connor,Wong,Male,4,1,2001-03-29,2022-04-03,
Maja,Holland,Female,4,1,1992-02-24,2015-06-23,
Patryk,Chukwu,Male,4,1,1989-12-03,2018-06-26,2021-12-09
Benjamin,Wilson,Male,4,1,1966-10-27,2021-02-12,2023-11-21
Roman,Atkinson,Male,4,1,1990-10-23,2016-08-19,
Alice,Rose,Female,4,1,1995-08-28,2017-05-09,
Ella,Berry,Female,3,1,1999-01-31,2020-09-28,
Alice,Henderson,Female,2,1,1979-02-17,2009-03-17,2020-02-26
Max,Fox,Male,5,1,1992-11-05,2024-09-02,
Bethany,Thompson,Female,3,1,1981-03-16,2010-02-28,2018-02-09
